name,stream
MyChannels,https://raw.githubusercontent.com/Neeraj-Kumar07/Indian-IPTV-App/refs/heads/master/data/my_channels.m3u
Entertainments,https://raw.githubusercontent.com/Neeraj-Kumar07/Indian-IPTV-App/refs/heads/master/data/Entertainments.m3u
Indian TV,https://raw.githubusercontent.com/iptv-org/iptv/refs/heads/master/streams/in.m3u

Everything,https://raw.githubusercontent.com/purupc00-dev/Gmax-JioTV/refs/heads/main/Playlists/JioTV_S12.m3u





https://iptv-org.github.io/iptv/categories/sports.m3u

https://github.com/amazeyourself/m3u/blob/a97931fc38d6a81e030a60f25b6c7fc50b6ec286/tangotv.m3u
https://iptv-org.github.io/iptv/index.m3u
https://github.com/purupc00-dev/Gmax-JioTV/blob/main/Playlists/JioTV_S13.m3u
https://github.com/Krishanuk009/555/blob/e22e3217ad1607dfd45b575b82dfc4c61b7a099c/playlists/hotstar.m3u
https://raw.githubusercontent.com/amazeyourself/m3u/a97931fc38d6a81e030a60f25b6c7fc50b6ec286/dishd2h.m3u
https://raw.githubusercontent.com/Diljan707/sony-hls/7f187778133054df76ca6a9cd3cc13b6918fea46/all_sony_live_tokens.m3u